﻿<?xml version="1.0" encoding="utf-8" ?>
<QueryResult no="11">
    <question><![CDATA[同方知网总经理]]></question>
    <total>20</total>
    <elapsed>10720</elapsed>
    <qType>TIME</qType>
    <rstType>0</rstType>
    <Answer><![CDATA[ ]]></Answer>
    <entry R="481" NES="12 2011 7 " PDNAME="科技传播" >
        <TITLE> <![CDATA[四川科协:建设三农网络书屋 送农民致富“金钥匙” ]]> </TITLE>
        <shortMsg> <![CDATA[2011年12月7日,四川省科普网络书屋工作会在西昌市召开,四川省科协党组成员、副主席刘进,中国科协农技中心办公室主任崔卫东,<emp>同方知网</emp>农业公司<emp>总经理</emp>顾君出席会议。 ]]> </shortMsg>
    </entry>
    <entry R="481" NES="2006 2007 下半年 " PDNAME="材料导报" >
        <TITLE> <![CDATA[“科技期刊学术不端文献检测系统”日前问世 ]]> </TITLE>
        <shortMsg> <![CDATA[<emp>同方知网总经理</emp>王明亮介绍,“科技期刊学术不端文献检测系统”2006年下半年启动研发,2007年下半年初步成型。 ]]> </shortMsg>
    </entry>
    <entry R="388" NES="两 十分 " PDNAME="出版广角" >
        <TITLE> <![CDATA[资讯 ]]> </TITLE>
        <shortMsg> <![CDATA[英国出版科技集团全球总裁乔治·卢赛斯、盛大文学有限公司首席执行官侯小强、美国超速传动公司首席执行官史蒂夫·波特什以及约翰·威立国际出版公司全球副总裁刘荣源、<emp>同方知网</emp>技术有限公司<emp>总经理</emp>王明亮、霍顿·米夫林国际有限公司全球国际业务常务副总裁特瑞·尼伦、中国教育出版传媒集团<emp>总经理</emp>李朋义等,围绕这两个议题分别发表了个人见解,并与现场观众一起进行了互动,气氛十分热烈。 ]]> </shortMsg>
    </entry>
    <entry R="384" NES="一 " PDNAME="现代商贸工业" >
        <TITLE> <![CDATA[同方知网创新模式研究 ]]> </TITLE>
        <shortMsg> <![CDATA[在<emp>同方知网</emp>技术有限公司<emp>总经理</emp>王明亮看来,“云服务的出版理念而言,本质上是一种集约化的出版模式。 ]]> </shortMsg>
    </entry>
    <entry R="379" NES="很多 未来 " PDNAME="出版发行研究" >
        <TITLE> <![CDATA[从第四届数字出版年会看我国数字出版发展的新趋势 ]]> </TITLE>
        <shortMsg> <![CDATA[未来,“社区化”将进一步在专业平台领域推广,正如<emp>同方知网</emp>数字传媒分公司<emp>总经理</emp>张亚斌所言:“同行专家协同工作,能够进行远程科学研讨、教学等等,大家可以通过交流获取很多隐性知识。” ]]> </shortMsg>
    </entry>
    <entry R="379" NES="3 " PDNAME="中国版权" >
        <TITLE> <![CDATA[“中国旋律”唱响伦敦书展 ]]> </TITLE>
        <shortMsg> <![CDATA[在近3个小时的时间里,中国教育出版传媒集团总裁李朋义,上海世纪出版集团总裁陈昕,<emp>同方知网</emp>(北京)技术有限公司<emp>总经理</emp>王明亮,台湾城邦出版集团首席执行长何飞鹏,英国出版商协会主席罗德布里斯托,自然出版集团<emp>总经理</emp>史蒂文英奇科姆,兰登书屋副首席执行官伊恩哈德森,英国智慧课程公司<emp>总经理</emp>菲奥诺拉杜甘等分别作了重点发言。 ]]> </shortMsg>
    </entry>
    <entry R="379" NES="目前 " PDNAME="出版参考" >
        <TITLE> <![CDATA[第十届中国民营书业发展高峰论坛召开 《2012年中国民营书业发展报告》发布 ]]> </TITLE>
        <shortMsg> <![CDATA[本次论坛上,中国出版物发行协会非国有书业委员会主任、志鸿教育集团董事长任志鸿,中华全国工商联合会书业商会会长马晓峰,湖南天舟科技文化公司董事长肖志鸿,江西金太阳教育集团董事长陈东旭,重庆五洲文化传媒集团有限公司董事长徐登权,北京纸老虎图书有限公司董事长曹章武,中国版协电子与出版工作委员会副秘书长王勤,中文在线总裁童之磊,以及<emp>同方知网</emp>出版传媒分公司<emp>总经理</emp>王旭等演讲嘉宾,围绕着“新形势,新发展”的主题,结合自身发展经验,研讨剖析了目前民营书业的发展问题及数字出版发展趋势。 ]]> </shortMsg>
    </entry>
    <entry R="376" NES="现代 " PDNAME="河北科技图苑" >
        <TITLE> <![CDATA[华北地区高校图协第二十五届学术年会侧记 ]]> </TITLE>
        <shortMsg> <![CDATA[在此议程中,<emp>同方知网</emp>(北京)技术有限公司高教科研分公司徐海庚<emp>总经理</emp>作了题为《中国<emp>知网</emp>“云出版+云数图”模式介绍》的技术报告,代表们从徐海庚<emp>总经理</emp>的技术报告中,获得了现代图书情报技术方面更多的新知识、新理念。 ]]> </shortMsg>
    </entry>
    <entry R="376" NES="1750 2012 2013 第 多 三 三维 五 一 " PDNAME="出版参考" >
        <TITLE> <![CDATA[第五届数字出版博览会推介活动获奖名单 ]]> </TITLE>
        <shortMsg> <![CDATA[2012-2013年度中国数字出版最新技术:北京方正阿帕比技术有限公司CEBX重庆天健互联网出版有限责任公司出版物云终端(RFID)深圳市天朗时代科技有限公司ISDL/MPR底层技术明博教育科技有限公司“优课”教育数字化与教学应用平台北京北大方正电子有限公司方正慧云数字教育(Smart Education)整体解决方案北京多看科技有限公司基于移动互联网的云阅读平台汕头大学出版社语义技术在数字出版领域的应用中国移动通信集团浙江有限公司一种基于碎片的多维度页面自动发布系统盐城睿泰数字科技有限公司虚拟现实和增强现实技术在数字出版领域的应用安徽科大讯飞信息科技股份有限公司机器辅助协同翻译平台2012-2013年度中国数字出版最佳作品:人民卫生出版社西医图书数据库高等教育出版社有限公司高等职业教育教学资源中心中国少年儿童新闻出版总社红袋鼠全媒体系列互动电子书北京紫冬锐意语音科技有限公司紫冬口译京华时报社京华时报云报纸人民教育电子音像出版社国粹京剧人民邮电出版社单反摄影宝典天闻数媒科技(北京)有限公司天闻AiSchool数字化课堂解决方案系统北京威远图易数字科技有限公司/北京市科学技术协会《历史深处的北京》(1750年古北京三维复原)中国学术期刊(光盘版)电子杂志社/<emp>同方知网</emp>(北京)技术有限公司“三农”网络书屋2012-2013年度中国数字出版优秀品牌:北京万方数据股份有限公司万方数据商务印书馆有限公司商务印书馆精品工具书数据库人民出版社党政图书馆北京掌中浩阅科技有限公司iReader安徽教育网络出版有限公司时代e博社会科学文献出版社皮书数据库湖南省青苹果数据中心有限公司青苹果中信出版股份有限公司中信飞书人民教育出版社有限公司人教网北京中文在线文化发展有限公司中文在线2012-2013年度中国数字出版创新企业:电子工业出版社人民交通出版社北京方正阿帕比技术有限公司杭州日报报业集团深圳市天朗时代科技有限公司外语教学与研究出版社有限责任公司天翼阅读文化传播有限公司人民军医出版社中国建筑工业出版社知识产权出版社2012-2013年度中国数字出版影响力人物:北京语言大学出版社总编辑张健中央广播电视大学音像出版社有限责任公司社长梁小庆(转下页)第五届数字出版博览会优秀展示单位:中国MPR注册中心(筹)中国教育出版传媒集团龙源数字传媒集团北京博云易讯科技有限公司睿泰科技集团第五届数字出版博览会优秀组织单位:湖北省新闻出版广电局河北省新闻出版局湖南省新闻出版局安徽省新闻出版局杭州市文化广电新闻出版局中国少年儿童新闻出版总社社长李学谦北京网梯科技发展有限公司<emp>总经理</emp>张震航天数字传媒有限公司<emp>总经理</emp>郑铸东新华网股份有限公司总裁田舒斌人民教育出版社有限公司社长殷忠民法律出版社总编辑吕山北京维旺明信息技术有限公司董事长韩颖成都商报新媒体实验室总监曾熙MPR国家标准应用示范企业:中原大地传媒股份有限公司南方出版传媒股份有限公司陕西出版传媒集团股份有限公司(接上页)第五届数字出版博览会推介活动获奖名单<正>~~ ]]> </shortMsg>
    </entry>
    <entry R="375" NES="2 36 第 " PDNAME="中国编辑" >
        <TITLE> <![CDATA[充分利用CNKI信息检索功能,提升学术期刊的办刊质量 ]]> </TITLE>
        <shortMsg> <![CDATA[<emp>同方知网</emp>(北京)技术有限公司<emp>总经理</emp>在第36届法兰克福书展“世界华文出版论坛”上的报告.[2] ]]> </shortMsg>
    </entry>
    <entry R="375" NES="3 " PDNAME="今日印刷" >
        <TITLE> <![CDATA[最新动态 ]]> </TITLE>
        <shortMsg> <![CDATA[上海世纪出版集团社长陈听盛大文学C〔O侯/l、强金山软件股份有限公司董事长求伯君汉王科技股份有限公司董事长刘迎建，中文在线C〔O童之磊，北京大学计算机科学技术研究所研究员、博士生导师汤帜<emp>同方知网</emp>(北京)技术有限公司<emp>总经理</emp>王明亮卓越亚马逊总裁王汉华3G门户C印张向东. ]]> </shortMsg>
    </entry>
    <entry R="374" NES="多年 " PDNAME="基层农技推广" >
        <TITLE> <![CDATA[中国知网:给农村搭建网络科普平台 ]]> </TITLE>
        <shortMsg> <![CDATA[<emp>同方知网</emp>(北京)技术有限公司农业分公司<emp>总经理</emp>顾君告诉《中国新闻出版报》记者,中国<emp>知网</emp>经过多年努力,采用自主开发并具有国际领先水平的数字图书馆技术,建成了世界上全文信息量规模最大的“CNKI数字图书馆”,并正式启动建设《中国知识资源总库》及CNKI网格资源共享平台,通过产业化运作,为全社会知识资源高效共享提供最丰富的知识信息资源和最有效的知识传播与数字化学习平台。 ]]> </shortMsg>
    </entry>
    <entry R="372" NES="100 " PDNAME="中国律师" >
        <TITLE> <![CDATA[发展源于创新 创新源于知识 2010律所知识管理与业务创新论坛在北京召开 ]]> </TITLE>
        <shortMsg> <![CDATA[ 清华大学法学院院长王振民、<emp>同方知网</emp>(北京)技术有限公司副<emp>总经理</emp>单清龙、中顾法律网<emp>总经理</emp>高度强、隆安律师事务所主任徐家力、北京市汉卓律师事务所主任韩冰、金城同达律师事务所合伙人李德成等近100位来自学术界和实务界的法学专家、各大律所的主任,合伙人、律师出席了本次会议。 ]]> </shortMsg>
    </entry>
    <entry R="372" NES="17 2 2012 4 8 " PDNAME="基层农技推广" >
        <TITLE> <![CDATA[福建省莆田市城厢区农业科技网络书屋应用 ]]> </TITLE>
        <shortMsg> <![CDATA[2.4.2优质服务助沟通2012年8月17日,笔者发现自己的网络书屋积分系统存在按规定使用却没有按其设定的方案进行加分的问题后,及时反馈给<emp>同方知网</emp>农业分公司相关负责人,得到了管理员吴亚男、网络使用管理员张凤鑫、分公司顾君<emp>总经理</emp>的高度重视。 ]]> </shortMsg>
    </entry>
    <entry R="372" NES="六 " PDNAME="中国出版" >
        <TITLE> <![CDATA[融合与提升,传统出版和数字出版共赢——第二十一届书博会“中国出版(版权)发展论坛”纪略 ]]> </TITLE>
        <shortMsg> <![CDATA[六位对话嘉宾分别是安徽出版集团有限责任公司党委书记、总裁,时代出版传媒股份有限公司党委书记、董事长王亚非,上海新华发行集团董事长哈九如,黑龙江出版集团党委书记、董事长、<emp>总经理</emp>李久军,中国人民大学教授、博士生导师郭禾,中文在线董事长兼总裁童之磊,<emp>同方知网</emp>副<emp>总经理</emp>张宏伟。 ]]> </shortMsg>
    </entry>
    <entry R="341" NES="1 " PDNAME="现代商贸工业" >
        <TITLE> <![CDATA[同方知网创新模式研究 ]]> </TITLE>
        <shortMsg> <![CDATA[1<emp>同方知网</emp>创新历程<emp>同方知网</emp>的发展历程便是<emp>同方知网</emp>的创新历程。 ]]> </shortMsg>
    </entry>
    <entry R="341" NES="5 不少 此后 " PDNAME="现代商贸工业" >
        <TITLE> <![CDATA[同方知网创新模式研究 ]]> </TITLE>
        <shortMsg> <![CDATA[5<emp>同方知网</emp>创新模式<emp>同方知网</emp>在数字出版行业已经取得了不少成就,从《中国学术期刊(光盘版)》在国内的最先推行,到此后网络版的升级和CNKI数字出版平台,乃至建成的《中国知识资源总库》;从全文检索、原版显示技术到引文链接、知识元链接技术的实现,从知识网络到知识服务的提出和探索,都充分显示出<emp>知网</emp>的胆识和创新精神。 ]]> </shortMsg>
    </entry>
    <entry R="341" NES="未来 一个 " PDNAME="出版参考" >
        <TITLE> <![CDATA[同方知网推进数字出版技术与服务创新 ]]> </TITLE>
        <shortMsg> <![CDATA[<emp>同方知网</emp>副<emp>总经理</emp>刘学东介绍说,本次<emp>同方知网</emp>的参展主题是“服务出版”,因为对数字出版的服务,包括各种技术、数据加工、素材资源、产品制作、出版平台、市场营销等方面的服务,是整个产业链运营的重要条件和环节,其本身是出版产业大繁荣、大发展离不开的一个产业,必须按产业化机制运作,而自己必须静下心来,制定既面向未来、又切实可行的战略目标,扎实推进技术创新和服务创新。 ]]> </shortMsg>
    </entry>
    <entry R="341" NES="当初 四 " PDNAME="中国新时代" >
        <TITLE> <![CDATA[谁在引领中国期刊数字出版服务? ]]> </TITLE>
        <shortMsg> <![CDATA[万方数据、<emp>同方知网</emp>、维普资讯等都认识到了内容资源对期刊数字出版平台的重要性,纷纷花重金投入数据库的建设、信息的更新以及技术的跟踪与研发等,但是由于维普资讯内容资源类别、形式的局限性,以及龙源期刊的大众化,当初的四足鼎立之势已经在无形中被瓦解,<emp>同方知网</emp>和万方数据成为学术期刊数字出版平台的佼佼者,并且一如既往地处在竞争中。 ]]> </shortMsg>
    </entry>
    <entry R="330" NES="十 " PDNAME="现代商贸工业" >
        <TITLE> <![CDATA[同方知网创新模式研究 ]]> </TITLE>
        <shortMsg> <![CDATA[十几年的发展历程,<emp>知网</emp>不断创新,在不断明确CNKI工程的目标上,<emp>同方知网</emp>坚持了数字出版和知识服务相结合的模式。 ]]> </shortMsg>
    </entry>
</QueryResult>
