﻿<?xml version="1.0" encoding="utf-8" ?>
<QueryResult no="1">
    <question><![CDATA[初生婴儿湿疹怎么办]]></question>
    <total>7</total>
    <qType>UNKNOWN</qType>
    <Answer type="text">
        <![CDATA[
问题模板问题理解结果：疾病 治疗； 疾病中文名->婴儿湿疹； 

句群检索问题理解结果：初生 婴儿 湿疹  ]]>
    </Answer>
    <entry R="0" confidence="高" type="text">
        <SourceType>
            <![CDATA[人民军医疾病知识库 ]]>
        </SourceType>
        <SourceKB>
            <![CDATA[PMDS ]]>
        </SourceKB>
        <ID>
            <![CDATA[PMDS00006213 ]]>
        </ID>
        <title>
            <![CDATA[婴儿湿疹 ]]>
        </title>
        <shortMsg>
            <![CDATA[<DIV>治疗：除详细询问病史，查找诱发因素，予以纠正外，应采用全身、局部中医及西医综合治疗。</DIV><DIV>&nbsp;&nbsp;&nbsp; 1.全身疗法&nbsp; </DIV><DIV>&nbsp;&nbsp;&nbsp; (1)饮食管理：首先，避免喂过量的食物以保持正常消化。如疑牛奶过敏，可较久煮沸，使其蛋白变性，以减轻其抗原性。必要时可用配方奶或豆浆(参阅营养性疾病)代替牛奶。如疑对鸡蛋过敏，可单给蛋黄，或从少量蛋白开始，逐渐加量。喂母奶的母亲可酌情忌可疑过敏物如鸡蛋、牛羊肉等。</DIV><DIV>&nbsp;&nbsp;&nbsp; (2)抗组织胺类药物：2岁以内婴幼儿宜选用：氯苯那敏(扑尔敏)、异丙嗪(非那根)，苯海拉明等单一或轮流内服，有较好的止痒和抗过敏效果，并有不同程度的镇静作用。2岁以上患儿宜选用第二代无明显镇静作用的抗组织胺药，如西替利嗪（仙特明）滴剂、特非那丁颗粒剂及氯雷他定等。</DIV><DIV>&nbsp;&nbsp;&nbsp; (3)皮质类固醇激素：无论口服还是静脉注射，都能很快控制症状，有明显的抗炎止痒作用，但停药后易复发，不能根治，且长期应用后有依赖性和各种不良反应，故应酌情慎用。泛发急性<emp>湿疹</emp>其他疗法效果不佳者，可短期口服泼尼松(强的松)，病情好转后逐渐减量。</DIV><DIV>&nbsp;&nbsp;&nbsp; (4)抗生素：仅用于因继发局部或淋巴结等感染、白细胞增高和体温增高的病儿，一般采用青霉素肌注或红霉素、磺胺甲噁唑/甲氧苄啶(复方新诺明)口服。</DIV><DIV>&nbsp;&nbsp;&nbsp; 2.局部治疗&nbsp; 原则上是按照病期分别治疗。</DIV><DIV>&nbsp;&nbsp;&nbsp; (1)急性期：采用1%～3%硼酸溶液，或0.1%呋喃西林溶液，或生理盐水等作开放式冷湿敷，每次15～20min，每天2～3次。湿敷面积不超过体表面积的1/3，以防患儿着凉或药物吸收。一般湿敷2～3天即可见轻，湿敷后外用40%氧化锌油，有感染时外用1%氯霉素氧化锌油。</DIV><DIV>&nbsp;&nbsp;&nbsp;&nbsp;皮损以红肿、丘疹为主，无渗出时，除用上述溶液作清洗外，可外用炉甘石洗剂、炉甘石呋喃西林洗剂、雷佛诺尔氧化锌软膏或40%氧化锌油等。</DIV><DIV>&nbsp;&nbsp;&nbsp; (2)亚急性期：用1%～3%硼酸溶液或生理盐水外洗，无渗出时同急性<emp>湿疹</emp>外用药及外用维生素B<SUB>6</SUB>软膏、氧化锌糊剂。常配合少量短期外用皮质类固醇霜剂，如：0.5%～1%氢化可的松霜，0.1-丁酸氢化可的松霜(商品名：尤卓尔)，0.1%莫米松(糠酸莫米松，艾洛松)或丙酸倍氯美松等。</DIV><DIV>&nbsp;&nbsp;&nbsp; (3)慢性期：外用非激素软膏，与外用激素软膏配合交替使用。可用中强效局部外用激素，但不宜封包，以防激素不良反应及皮肤萎缩。</DIV><DIV>&nbsp;&nbsp;&nbsp; 中医治疗：中医认为本病多因饮食失调，内蕴湿热，外受风湿热邪所致。临床上分干性(丘疹性)、湿性(糜烂性)两型。常反复发作，并多伴有胃肠道消化障碍症状。临床治疗多用内外兼治法，内服药以清热、解毒、凉血、渗湿为主，<emp>婴儿湿疹</emp>尤需健胃消导。<emp>婴儿湿疹</emp>外用药根据干性、湿性及不同分期，予以同上处理。 </DIV> 
 ]]>
        </shortMsg>
    </entry>
    <entry R="0" confidence="高" type="text">
        <SourceType>
            <![CDATA[人民军医疾病知识库 ]]>
        </SourceType>
        <SourceKB>
            <![CDATA[PMDS ]]>
        </SourceKB>
        <ID>
            <![CDATA[PMDS00006214 ]]>
        </ID>
        <title>
            <![CDATA[婴儿湿疹 ]]>
        </title>
        <shortMsg>
            <![CDATA[<DIV>治疗：</DIV><DIV>&nbsp;&nbsp; &nbsp;1.西医疗法</DIV><DIV>&nbsp;&nbsp;&nbsp; (1)一般疗法：注意喂养方法，应定时定量，不宜过饱，致伤劳脾胃。限制糖类，保持消化功能良好。尽量哺母乳，对牛奶或其他蛋白质食品宜煮沸稍久，可减少抗原性。</DIV><DIV>&nbsp;&nbsp;&nbsp; (2)全身疗法：给抗组胺类药物，如氯苯那敏(扑尔敏)、赛庚啶、布克力嗪(安其敏)等。调理消化功能，给辅助消化酶(胰酶、胃酶)或参苓白术散。补充钙剂、维生素C等。</DIV><DIV>&nbsp;&nbsp;&nbsp; 2.中医疗法&nbsp; 治则同<emp>湿疹</emp>，但内服方药中苦寒之品不宜多用，应以甘寒清热药物为主，并佐以健胃消导之品。可服小儿香桔丹。</DIV><DIV>&nbsp;&nbsp;&nbsp; 3.局部疗法&nbsp; 原则同<emp>湿疹</emp>，但更应注意缓和对症，避免刺激，消炎、收敛、镇静、止痒。对糜烂渗出严重者可选用2%硼酸水、复方锌铜溶液或地榆、黄柏煎水、马齿苋煎水湿敷，然后用植物油调祛湿散或新三妙散外涂；渗出糜烂较轻者可选用3%～5%黑豆馏油、5%～10%青黛氧化锌油膏外用，上撒以滑石粉。其他可参考<emp>湿疹</emp>治疗。</DIV> 
 ]]>
        </shortMsg>
    </entry>
    <entry R="518" confidence="" type="text">
        <SourceType>
            <![CDATA[期刊 ]]>
        </SourceType>
        <SourceKB>
            <![CDATA[QACJFD ]]>
        </SourceKB>
        <ID>
            <![CDATA[HNZK201102016 ]]>
        </ID>
        <shortMsg>
            <![CDATA[中医治疗<emp>婴儿湿疹</emp>有很多优势,但传统中医治疗奶癣时多采用直接对<emp>婴儿</emp>给药的方法,虽然药物直接作用于幼儿自身,但是<emp>初生婴儿</emp>的肠胃消化系统并不健全,容易对其肠胃产生强烈刺激,出现呕吐或消化不良等症状,并且如何使其服用汤剂是一个难以解决的问题。又因其对母亲体质没有改善,如病因在于母亲或外界环境则有反复发作的可能。 ]]>
        </shortMsg>
    </entry>
    <entry R="422" confidence="" type="text">
        <SourceType>
            <![CDATA[期刊 ]]>
        </SourceType>
        <SourceKB>
            <![CDATA[QACJFD ]]>
        </SourceKB>
        <ID>
            <![CDATA[SXXY200104016 ]]>
        </ID>
        <shortMsg>
            <![CDATA[<emp>初生婴儿</emp>如有脑内疾病 ,常可出现“脑性哭叫” ,其特点是发声急 ,音调高 ,停止快 ,不可不慎。<emp>初生婴儿</emp>哭闹 ,除上述原因外 ,尚应仔细检查背部有无皮下坏疽 ,脐部有无炎症 ,有无鼻塞 ,口腔有无溃疡 ,皮肤皱褶处如颈部、腋下、腹股沟有无糜烂 ,有无<emp>湿疹</emp> ,上臂预防接种处有无红肿等。 ]]>
        </shortMsg>
    </entry>
    <entry R="422" confidence="" type="text">
        <SourceType>
            <![CDATA[期刊 ]]>
        </SourceType>
        <SourceKB>
            <![CDATA[QACJFD ]]>
        </SourceKB>
        <ID>
            <![CDATA[ZGWS201301037 ]]>
        </ID>
        <shortMsg>
            <![CDATA[这与较早SEPP等的一项关于过敏性疾病低发生率的爱沙尼亚儿童与高发生率的瑞典儿童肠道菌群的研究结果相似,爱沙尼亚<emp>婴儿</emp>肠道主要优势菌为乳酸菌和真细菌类,而瑞典<emp>婴儿</emp>肠道优势菌则为梭状芽胞杆菌属,尤其是难辨梭状芽胞杆菌数量显著高于爱沙尼亚<emp>婴儿</emp>[17],这也与之后在荷兰首次进行的KOALA<emp>初生</emp>队列研究结果相似,该研究通过对957名过敏性疾病高危<emp>初生婴儿</emp>的粪便进行检测,并随访直到发生过敏性疾病,发现肠道大肠杆菌和梭状芽胞杆菌可增加包括<emp>湿疹</emp>、反复发作性喘息在内的多种过敏性疾病的发生危险[18]。芬兰的KALLIOMAKI等采用常规细菌培养,荧光定量原位杂交(FISH)和检测大便脂肪酸三种技术,收集76名高危过敏<emp>婴儿</emp>在生后3周龄及3月龄时的粪便进行分析,发现1岁时出现皮肤过敏原检测阳性有29%(22/76),过敏和非过敏<emp>婴儿</emp>在3周龄时大便脂肪酸组成已存在明显差异,FISH实验结果显示过敏的<emp>婴儿</emp>大便中双歧杆菌与梭菌的比值减小,即所含的梭菌量较多,双歧杆菌的量较少[19]。 ]]>
        </shortMsg>
    </entry>
    <entry R="383" confidence="" type="text">
        <SourceType>
            <![CDATA[期刊 ]]>
        </SourceType>
        <SourceKB>
            <![CDATA[QACJFD ]]>
        </SourceKB>
        <ID>
            <![CDATA[ZYHS200305074 ]]>
        </ID>
        <shortMsg>
            <![CDATA[祖国医学文献中记载的“浸淫疮”、“旋耳疮”、“绣球风”、“四弯风”、“奶癣”等类似急性<emp>湿疹</emp>、耳周<emp>湿疹</emp>、阴囊<emp>湿疹</emp>,肘膝窝部<emp>湿疹</emp>及<emp>婴儿湿疹</emp>等.如(医宗金鉴.夕h科心法)浸淫疮记载:“此证<emp>初生</emp>如疥,瘙痒无时,蔓延不止,抓津黄水,浸淫成片。” ]]>
        </shortMsg>
    </entry>
    <entry R="373" confidence="" type="text">
        <SourceType>
            <![CDATA[期刊 ]]>
        </SourceType>
        <SourceKB>
            <![CDATA[QACJFD ]]>
        </SourceKB>
        <ID>
            <![CDATA[ZMJL201311037 ]]>
        </ID>
        <shortMsg>
            <![CDATA[中医文献中对<emp>婴儿湿疹</emp>早有论述,称之为“奶癣”。《诸病源候论》中说:“浸淫疮是心家有风热,发于肌肤,<emp>初生</emp>甚小,先痒后痛而成疮。 ]]>
        </shortMsg>
    </entry>
</QueryResult>

